text,label
"""Booking an appointment was a breeze with their user-friendly online portal. I found a convenient slot in no time.""",Appointment Accessibility
"""Struggled to get an appointment. The online system was glitchy, and by the time it worked, all slots were taken.""",Appointment Accessibility
"""Scheduling an appointment was straightforward, though I wish there were more available slots in the evenings.""",Appointment Accessibility
"""Surprisingly smooth experience in booking my appointment. The staff was also very helpful in guiding me through the process.""",Appointment Accessibility
"""Frustrating! The phone line was always busy, and the online system didn't have any slots for weeks.""",Appointment Accessibility
"""Appointment availability is average. Not too hard to get a slot, but I've seen better systems in other clinics.""",Appointment Accessibility
"""Impressed by how quickly I could book an appointment. The confirmation email was also very detailed and helpful.""",Appointment Accessibility
"""Had to wait for ages to get through to someone. When I finally did, the next available slot was months away.""",Appointment Accessibility
"""It's a hit or miss with appointment slots. Sometimes you get lucky, other times you're waiting for a cancellation.""",Appointment Accessibility
"""The online booking system is a gem – intuitive and quick. It even sends handy reminders as your appointment nears.""",Appointment Accessibility
"""The reception staff welcomed me with a warm smile and efficiently handled my paperwork. A pleasant start to my visit.""",Reception Staff Interaction
"""The staff at the front desk seemed disinterested and barely acknowledged my presence, making me feel unwelcome.""",Reception Staff Interaction
"""The reception was decent. Not overly friendly but they got the job done without much hassle.""",Reception Staff Interaction
"""Every interaction with the reception staff has been delightful. They remember my name and make each visit feel personal.""",Reception Staff Interaction
"""Faced a rude receptionist who seemed more interested in their phone than assisting patients. Unacceptable behavior!""",Reception Staff Interaction
"""Interaction with the reception is usually straightforward. They handle appointments and inquiries competently enough.""",Reception Staff Interaction
"""The reception staff are the unsung heroes. Their organization and warmth make the healthcare experience so much better.""",Reception Staff Interaction
"""Had a frustrating time getting information from the reception. They kept putting me on hold and then provided incorrect details.""",Reception Staff Interaction
"""Reception is okay, nothing remarkable. Sometimes you get a smile, sometimes you don't.""",Reception Staff Interaction
"""The level of care and attention from the reception staff is commendable. They go above and beyond in their service.""",Reception Staff Interaction
"""The doctors' in-depth understanding and up-to-date knowledge in their fields really put me at ease during my treatment.""",Medical Staff Competence
"""Felt rushed during my consultation, and the doctor missed important details about my health history. Not what I expected.""",Medical Staff Competence
"""The medical staff seem competent enough, though I haven't seen anything that truly stands out yet.""",Medical Staff Competence
"""Impressed by the surgical team's expertise. Their precision and attention to detail during my procedure were remarkable.""",Medical Staff Competence
"""The diagnosis I received was questionable. Ended up seeking a second opinion, which contradicted the first.""",Medical Staff Competence
"""Medical staff are professional, but sometimes it feels like they're too busy to address all concerns thoroughly.""",Medical Staff Competence
"""The level of expertise shown by the specialists here is comforting. You know you're in good hands.""",Medical Staff Competence
"""Had an unsettling experience where the doctor seemed unsure about the treatment plan. Confidence is key, and it was lacking.""",Medical Staff Competence
"""Medical staff are adequately trained, but a more personalized approach to patient care would be appreciated.""",Medical Staff Competence
"""The medical team's proactive approach in dealing with complex cases is commendable. They are truly at the top of their game.""",Medical Staff Competence
"""The doctors' in-depth understanding and up-to-date knowledge in their fields really put me at ease during my treatment.""",Medical Staff Competence
"""Felt rushed during my consultation, and the doctor missed important details about my health history. Not what I expected.""",Medical Staff Competence
"""The medical staff seem competent enough, though I haven't seen anything that truly stands out yet.""",Medical Staff Competence
"""Impressed by the surgical team's expertise. Their precision and attention to detail during my procedure were remarkable.""",Medical Staff Competence
"""The diagnosis I received was questionable. Ended up seeking a second opinion, which contradicted the first.""",Medical Staff Competence
"""Medical staff are professional, but sometimes it feels like they're too busy to address all concerns thoroughly.""",Medical Staff Competence
"""The level of expertise shown by the specialists here is comforting. You know you're in good hands.""",Medical Staff Competence
"""Had an unsettling experience where the doctor seemed unsure about the treatment plan. Confidence is key, and it was lacking.""",Medical Staff Competence
"""Medical staff are adequately trained, but a more personalized approach to patient care would be appreciated.""",Medical Staff Competence
"""The medical team's proactive approach in dealing with complex cases is commendable. They are truly at the top of their game.""",Medical Staff Competence
"""The doctor was exceptionally attentive, making sure all my questions were answered and explaining the treatment options clearly.""",Patient-Doctor Communication
"""I felt unheard during my appointment. The doctor seemed preoccupied and barely made eye contact.""",Patient-Doctor Communication
"""Communication was straightforward. The doctor was clear but a bit hurried.""",Patient-Doctor Communication
"""Remarkable communication skills. The doctor not only listened but also empathized with my concerns, making me feel truly cared for.""",Patient-Doctor Communication
"""The consultation was confusing. Medical jargon was used without proper explanations, leaving me more anxious than before.""",Patient-Doctor Communication
"""The doctor was informative and to the point, though I wish there was a bit more time for discussion.""",Patient-Doctor Communication
"""Never felt so understood by a doctor before. Every concern of mine was addressed with patience and clarity.""",Patient-Doctor Communication
"""The doctor interrupted me multiple times and seemed dismissive of my symptoms. It was disheartening.""",Patient-Doctor Communication
"""Doctor’s communication was adequate, though it lacked the warmth and reassurance I was hoping for.""",Patient-Doctor Communication
"""The doctor excelled at breaking down complex information, ensuring I fully understood my health situation and the next steps.""",Patient-Doctor Communication
"""The follow-up care was impeccable. My doctor regularly checked in on my progress, making my recovery journey smoother.""",Follow-Up and Continuity of Care
"""I felt abandoned post-surgery. There was no clear follow-up plan, and my calls to the clinic went unanswered.""",Follow-Up and Continuity of Care
"""Follow-up was standard. I received a call after my procedure, but it felt more procedural than personal.""",Follow-Up and Continuity of Care
"""Exceptional continuity in care. Despite changing doctors, my treatment plan was consistent and well-coordinated.""",Follow-Up and Continuity of Care
"""My treatment felt fragmented. Each visit felt like starting from scratch, with no one really overseeing my long-term care.""",Follow-Up and Continuity of Care
"""Continuity of care was fair. There were some mix-ups with my medication, but they were eventually sorted out.""",Follow-Up and Continuity of Care
"""The clinic’s follow-up routine is thorough, ensuring that I was on the right track to recovery with regular check-ins.""",Follow-Up and Continuity of Care
"""I expected better coordination between the specialists. My care felt disjointed, with little communication between departments.""",Follow-Up and Continuity of Care
"""Follow-up services are okay. I get the necessary calls and check-ups, but the personal touch is sometimes missing.""",Follow-Up and Continuity of Care
"""My care plan was meticulously followed up on. Each step, from diagnosis to recovery, was carefully monitored and adjusted as needed.""",Follow-Up and Continuity of Care
"""The clinic's facilities are top-notch. Every corner is spotless, and the modern equipment gave me great confidence in their care.""",Facilities and Cleanliness
"""Was disappointed by the cleanliness. The waiting area had litter, and the restrooms were not well-maintained.""",Facilities and Cleanliness
"""The facilities are generally clean, though I noticed some rooms seem outdated and could use refurbishing.""",Facilities and Cleanliness
"""I was impressed by the state-of-the-art medical equipment and the pristine condition of the patient rooms.""",Facilities and Cleanliness
"""The examination rooms felt cramped and were not as clean as I expected. Dust on some surfaces and a musty smell.""",Facilities and Cleanliness
"""Facilities are adequate for a clinic, but there's nothing that particularly stands out in terms of cleanliness or modernity.""",Facilities and Cleanliness
"""The ambiance of the facility is calming, and the cleanliness standards they uphold are commendable.""",Facilities and Cleanliness
"""Found the overall cleanliness to be below par. Several areas looked like they hadn't been cleaned in a while.""",Facilities and Cleanliness
"""The clinic is clean enough, though it lacks the polished feel of newer medical facilities.""",Facilities and Cleanliness
"""Every visit, I notice the meticulous attention to cleanliness and the effort put into maintaining the facility.""",Facilities and Cleanliness
"""The precision and care in managing my prescriptions were commendable. Clear instructions and timely refills made my experience stress-free.""",Prescription and Medication Management
"""Had issues with a prescription mix-up. It took multiple calls and visits to get it sorted, which was quite frustrating.""",Prescription and Medication Management
"""Medication management is generally okay, though I've had to remind the staff about my refill once or twice.""",Prescription and Medication Management
"""Impressed by the digital system for managing prescriptions. It's user-friendly and ensures I never miss a dose.""",Prescription and Medication Management
"""The lack of communication regarding my medication adjustments was concerning. I had to be proactive to get clarity.""",Prescription and Medication Management
"""Prescription service is reliable for the most part, but the waiting times for pickup can be a bit long.""",Prescription and Medication Management
"""My medication management plan is meticulously handled by the staff. They coordinate with my specialists to ensure seamless care.""",Prescription and Medication Management
"""Frustrated by the slow prescription refill process. There seems to be a disconnect between the doctors and the pharmacy.""",Prescription and Medication Management
"""The medication management process is decent, but I wish there was more detailed guidance on potential side effects.""",Prescription and Medication Management
"""The proactive approach in managing my complex medication regime has been a lifesaver. Detailed and thorough.""",Prescription and Medication Management
"""My referral to a specialist was handled with impressive speed and efficiency. The seamless process was truly commendable.""",Referral Efficiency
"""The referral process was painfully slow. It took weeks longer than promised, causing unnecessary stress and anxiety.""",Referral Efficiency
"""The referral was eventually sorted, but the process was nothing to write home about. It was pretty standard.""",Referral Efficiency
"""I was amazed at how quickly my referral was processed. Within days, I had my appointment with the specialist.""",Referral Efficiency
"""My referral seemed to get lost in the system. Multiple follow-ups were needed, and even then, the response was sluggish.""",Referral Efficiency
"""Referral efficiency was average. I got where I needed to go, but the wait and the process were longer than I expected.""",Referral Efficiency
"""The clinic's referral system is highly efficient. Clear communication and prompt action made the entire process smooth.""",Referral Efficiency
"""I encountered significant delays in the referral process. The lack of coordination between departments was evident.""",Referral Efficiency
"""Referral to a specialist was done in a reasonable time. I wish there was more transparency about the waiting times, though.""",Referral Efficiency
"""The staff expedited my urgent referral with utmost urgency and professionalism. Their efficiency in such critical times was truly life-saving.""",Referral Efficiency
"""The swift response and expertise shown during my emergency were life-saving. The staff's calmness and efficiency under pressure were remarkable.""",Emergency Handling
"""During my emergency, the response was disorganized and slow. Valuable time was lost due to apparent confusion among the staff.""",Emergency Handling
"""The emergency handling was adequate, though it lacked the promptness and coordination I expected in such critical situations.""",Emergency Handling
"""I was impressed by the emergency team's quick action and clear communication throughout the crisis.""",Emergency Handling
"""Felt let down by the emergency services. My situation wasn't taken as seriously as it should have been, causing unnecessary complications.""",Emergency Handling
"""Emergency services were available, but the wait time was longer than I hoped for in a situation that seemed urgent.""",Emergency Handling
"""The professionalism and quick decision-making of the emergency team turned a frightening situation into a manageable one.""",Emergency Handling
"""The lack of immediate attention during my emergency visit was concerning. The urgency of the situation seemed underestimated.""",Emergency Handling
"""The handling of my emergency was standard. While I received the necessary care, the experience felt impersonal.""",Emergency Handling
"""In a moment of sheer panic, the emergency staff's composed and timely intervention made all the difference. Their competence and care were evident.""",Emergency Handling
"""I felt completely secure in how my personal information was handled. The clinic's respect for patient privacy is exemplary.""",Patient Privacy and Confidentiality
"""My confidential information was discussed in a semi-public area, which was quite unsettling. Privacy seems to be taken lightly here.""",Patient Privacy and Confidentiality
"""Privacy and confidentiality were maintained, though I believe the clinic could take additional measures to ensure complete discretion.""",Patient Privacy and Confidentiality
"""The staff was extremely cautious with my records, ensuring that all conversations and paperwork were kept strictly confidential.""",Patient Privacy and Confidentiality
"""I was horrified to overhear staff discussing another patient's condition. This breach of confidentiality is unacceptable.""",Patient Privacy and Confidentiality
"""Confidentiality is maintained to a satisfactory level, but the layout of the clinic doesn't always feel private.""",Patient Privacy and Confidentiality
"""Their commitment to maintaining patient privacy is evident in every interaction, from consultations to handling of medical records.""",Patient Privacy and Confidentiality
"""I received mail intended for another patient, which raises concerns about how they manage confidential information.""",Patient Privacy and Confidentiality
"""The clinic's privacy measures meet the standard requirements, but there's room for improvement in ensuring total patient confidentiality.""",Patient Privacy and Confidentiality
"""The discreet and professional manner in which they handle patient information made me feel safe and respected.""",Patient Privacy and Confidentiality
"""The telehealth service was convenient and user-friendly. It saved me a trip to the clinic and the doctor was very attentive.""",Telehealth Services
"""Struggled with the telehealth platform due to technical glitches. The video kept freezing, making the consultation challenging.""",Telehealth Services
"""Telehealth services were adequate, but it lacks the personal touch of face-to-face consultations.""",Telehealth Services
"""Impressed with the seamless telehealth experience. The virtual appointment was just as thorough as an in-person visit.""",Telehealth Services
"""The doctor seemed distracted during the telehealth session, and it felt rushed compared to in-clinic visits.""",Telehealth Services
"""The telehealth service is convenient for quick consultations, though I prefer in-person visits for more serious issues.""",Telehealth Services
"""The platform used for telehealth is intuitive and secure. It made remote consultations a breeze.""",Telehealth Services
"""Faced several technical issues during my telehealth appointment. The process needs to be more streamlined.""",Telehealth Services
"""Telehealth services are a good option for routine follow-ups, but the experience varies with internet connectivity.""",Telehealth Services
"""The telehealth service provided a personal and engaging consultation experience, exceeding my expectations.""",Telehealth Services
"""The resources provided for patient education are outstanding. Informative brochures and interactive tools made learning about my condition easy.""",Patient Education and Resources
"""Found the patient education materials outdated and overly technical. More simplified, up-to-date resources would be helpful.""",Patient Education and Resources
"""The clinic offers a decent range of educational materials, though they could be more engaging and comprehensive.""",Patient Education and Resources
"""Impressed by the personalized educational resources provided. They addressed my specific concerns and were easy to understand.""",Patient Education and Resources
"""There's a serious lack of educational resources available in the waiting area and online. I was left with many unanswered questions.""",Patient Education and Resources
"""Educational resources are available, but finding information relevant to my situation was somewhat challenging.""",Patient Education and Resources
"""The clinic excels in patient education. The workshops and online resources have been invaluable in managing my health.""",Patient Education and Resources
"""The educational materials seemed generic and didn't cover the specifics of my condition. More tailored information would be more beneficial.""",Patient Education and Resources
"""Resources for patient education are present, but they lack depth. I had to look elsewhere for more detailed information.""",Patient Education and Resources
"""The range and quality of educational materials for patients are impressive. Clear, concise, and very informative.""",Patient Education and Resources
"""The waiting area is exceptionally comfortable and well-maintained, making the wait much more pleasant than expected.""",Waiting Room Comfort
"""The seats in the waiting room are uncomfortable and the area feels cramped and stuffy. Not a pleasant place to wait.""",Waiting Room Comfort
"""Waiting room comfort is average. It's clean, but the seating isn't the most comfortable and it can get crowded.""",Waiting Room Comfort
"""I was pleasantly surprised by the serene ambiance of the waiting room. Comfortable seating and calming music helped ease my anxiety.""",Waiting Room Comfort
"""The waiting area was noisy and chaotic. It lacked enough seating, and the overall environment was far from relaxing.""",Waiting Room Comfort
"""The waiting room serves its purpose. It's neither exceptionally comfortable nor particularly unwelcoming.""",Waiting Room Comfort
"""The clinic's waiting room feels like a cozy living room, complete with comfortable chairs and a selection of magazines.""",Waiting Room Comfort
"""Disappointed by the lack of air conditioning in the waiting area during summer. It was uncomfortably hot and stuffy.""",Waiting Room Comfort
"""Waiting room comfort is standard. The space is clean and orderly, though it could use some updating.""",Waiting Room Comfort
"""The thoughtful layout and decor of the waiting area made my wait much more comfortable than I've experienced elsewhere.""",Waiting Room Comfort
"""The clinic's approach to patient empowerment is exceptional. They provide resources and support that truly make a difference in managing my health.""",Patient Empowerment and Support
"""I felt my opinions and concerns were disregarded, leaving me feeling helpless in my treatment decisions. More support and empowerment are needed.""",Patient Empowerment and Support
"""Support services are present, but they could be more proactive in involving patients in their care decisions.""",Patient Empowerment and Support
"""The staff took the time to educate and empower me about my condition, allowing me to take an active role in my treatment.""",Patient Empowerment and Support
"""There's a lack of consistent support. It often feels like I'm navigating my health journey without a compass.""",Patient Empowerment and Support
"""Patient support is somewhat hit or miss. Some staff are empowering, while others seem too rushed to engage meaningfully.""",Patient Empowerment and Support
"""The empowerment programs offered made a significant impact on my health and wellness journey. I've never felt more in control.""",Patient Empowerment and Support
"""I expected more guidance and support, especially as a new patient managing a chronic condition. It was disheartening to feel so unsupported.""",Patient Empowerment and Support
"""The support system is there, but it feels rather impersonal. More individual attention would improve the experience.""",Patient Empowerment and Support
"""Thanks to the supportive and empowering staff, I feel equipped and confident in managing my health independently.""",Patient Empowerment and Support
"""Thrilled with the results of my treatment. The improvement in my health has been significant and beyond my expectations.""",Health Outcome Satisfaction
"""Despite following the treatment plan, I saw no improvement. It's disheartening and makes me question the approach taken.""",Health Outcome Satisfaction
"""My health outcomes were satisfactory, but I was hoping for a more significant improvement.""",Health Outcome Satisfaction
"""The care I received led to a remarkable turnaround in my health. I couldn't be more satisfied with the outcome.""",Health Outcome Satisfaction
"""I'm frustrated with the lack of progress. More attention to my treatment plan is needed to achieve better outcomes.""",Health Outcome Satisfaction
"""Health outcomes have been decent, though not as dramatic as I had hoped. It's been a slow and steady process.""",Health Outcome Satisfaction
"""The results of my treatment exceeded all my expectations. I feel healthier and more vibrant than I have in years.""",Health Outcome Satisfaction
"""The treatment didn't yield the results I was promised. It's been a disappointing and costly journey with little to show for it.""",Health Outcome Satisfaction
"""While there's been some improvement, it's not quite what I expected. I'm neither fully satisfied nor completely disappointed.""",Health Outcome Satisfaction
"""My health has improved significantly thanks to the dedicated care and effective treatment plan. Truly satisfied with the outcome.""",Health Outcome Satisfaction
"""The staff's cultural competence and sensitivity made me feel respected and understood. It's comforting to see such inclusivity in healthcare.""",Cultural Sensitivity
"""I felt my cultural background was overlooked and not considered in my treatment plan. It was a disappointing experience.""",Cultural Sensitivity
"""Cultural sensitivity was decent, but there's definitely room for improvement to make all patients feel fully respected.""",Cultural Sensitivity
"""The clinic's efforts to accommodate cultural diversity in their care are commendable. It made a huge difference in my comfort and trust levels.""",Cultural Sensitivity
"""There was a lack of cultural awareness that made communication difficult and my visit uncomfortable.""",Cultural Sensitivity
"""While the staff were polite, I didn't feel they were fully aware or trained in cultural sensitivity matters.""",Cultural Sensitivity
"""I was impressed by the staff's knowledge and sensitivity towards my cultural preferences and dietary restrictions.""",Cultural Sensitivity
"""It's disheartening to see the lack of cultural sensitivity in today's healthcare setting. My concerns were not taken seriously.""",Cultural Sensitivity
"""The clinic seems to be trying to incorporate cultural sensitivity, but it still feels like they're in the early stages of truly understanding it.""",Cultural Sensitivity
"""The culturally sensitive approach here is remarkable. It's clear they've put thought and training into understanding the needs of diverse communities.""",Cultural Sensitivity
"""The mental health support services are exceptional. The compassionate care and comprehensive treatment options have made a significant positive impact on my life.""",Mental Health Support
"""I felt that the mental health resources were insufficient and the staff seemed ill-equipped to handle complex cases. It was a disheartening experience.""",Mental Health Support
"""Mental health services are available, but the long wait times and rushed appointments made it hard to get the support I needed.""",Mental Health Support
"""The therapist provided invaluable support, offering both professional guidance and genuine understanding of my struggles.""",Mental Health Support
"""The clinic seems to treat mental health as an afterthought, with limited resources and minimal follow-up.""",Mental Health Support
"""While the clinic offers mental health services, the overall approach feels generic and not tailored to individual needs.""",Mental Health Support
"""The dedicated mental health team went above and beyond. Their holistic approach to treatment and support has been transformative.""",Mental Health Support
"""There's a noticeable lack of specialized mental health support, and my concerns weren't taken as seriously as I had hoped.""",Mental Health Support
"""The mental health support is adequate, but I feel it lacks the depth and ongoing care that is essential for meaningful progress.""",Mental Health Support
"""Finding such comprehensive and empathetic mental health support has been a lifeline. The staff's commitment to patient well-being is evident in all they do.""",Mental Health Support
"""The clinic’s accessibility is outstanding. Ramps, wide doors, and attentive staff made my visit hassle-free and dignified.""",Accessibility for Disabled Patients
"""I was disappointed by the lack of proper wheelchair access. It made getting around more difficult than it should be.""",Accessibility for Disabled Patients
"""Accessibility features are there, but navigating the space can still be challenging at times.""",Accessibility for Disabled Patients
"""Exceptional accessibility. The clinic is well-equipped with facilities catered to the needs of disabled patients.""",Accessibility for Disabled Patients
"""The restroom facilities were not adapted for wheelchair users, which was a major oversight and inconvenience.""",Accessibility for Disabled Patients
"""The clinic is somewhat accessible, but I believe more can be done to accommodate disabled patients fully.""",Accessibility for Disabled Patients
"""From automatic doors to specialized seating areas, the clinic's commitment to accessibility is clear and appreciated.""",Accessibility for Disabled Patients
"""Despite claiming to be accessible, the clinic lacked basic features like handrails and accessible counters.""",Accessibility for Disabled Patients
"""The clinic has made some efforts towards accessibility, but it feels like the bare minimum in some areas.""",Accessibility for Disabled Patients
"""The thoughtful design of the clinic, with its accessible layout and supportive staff, made my visit stress-free.""",Accessibility for Disabled Patients
"""The facility's ambiance is warm and welcoming, with calming colors and thoughtful decor. It puts you at ease immediately.""",Ambiance of Facility
"""The stark and sterile environment made the facility feel more intimidating than comforting. A softer touch is needed.""",Ambiance of Facility
"""The ambiance of the clinic is fairly standard – clean and professional but lacking a personal, comforting touch.""",Ambiance of Facility
"""From the soothing music to the beautifully arranged seating areas, the ambiance makes waiting times much more pleasant.""",Ambiance of Facility
"""The lighting was harsh and the seating uncomfortable. The overall ambiance could use a serious makeover.""",Ambiance of Facility
"""The facility's ambiance is neutral. It's neither particularly inviting nor off-putting, just very clinical.""",Ambiance of Facility
"""Impressed by the art and greenery around the clinic, creating a peaceful and healing ambiance.""",Ambiance of Facility
"""The waiting area was cramped and noisy, not the calming environment you want in a healthcare setting.""",Ambiance of Facility
"""The ambiance is decent with some effort to make the space welcoming, though it feels a bit dated.""",Ambiance of Facility
"""The attention to detail in creating a serene and welcoming ambiance in the facility is evident and much appreciated.""",Ambiance of Facility
"""The integration of Patches for monitoring my condition is brilliant. Coupled with prompt email responses, the digital health service is top-notch.""",Online Services & Digital Health
"""While the NHS app is convenient, I had issues syncing it with the wearable Patches. The process should be more seamless.""",Online Services & Digital Health
"""The clinic's website is informative, but navigating it can be a bit confusing. The email support, however, is quite responsive.""",Online Services & Digital Health
"""Impressed by the comprehensive digital health services. The NHS app makes appointment scheduling a breeze, and the Patches provide useful health insights.""",Online Services & Digital Health
"""Had a frustrating experience with the online prescription refill on the website. An email reminder system would be a beneficial addition.""",Online Services & Digital Health
"""Online services are decent. The NHS app is useful, but I've had some glitches when using Patches.""",Online Services & Digital Health
"""The proactive health monitoring through Patches and timely alerts on the NHS app have significantly improved my healthcare experience.""",Online Services & Digital Health
"""The website lacks clear instructions on how to integrate the NHS app with the Patches, which made the setup process quite confusing.""",Online Services & Digital Health
"""The digital health services like email consultations and the NHS app are convenient, though there's room for improvement in user interface design.""",Online Services & Digital Health
"""The seamless integration of the NHS app with Patches and the user-friendly website has transformed my healthcare journey for the better.""",Online Services & Digital Health
"""The clinic's commitment to patient safety is evident. Strict hygiene protocols and careful monitoring made me feel secure.""",Patient Safety
"""I was concerned about the lax approach to sanitation in the patient rooms. More rigorous standards are needed.""",Patient Safety
"""Patient safety measures are in place, but the enforcement seems inconsistent. It's reassuring at times, uncertain at others.""",Patient Safety
"""Every staff member seemed well-trained in safety protocols, ensuring a safe environment for my treatment.""",Patient Safety
"""The lack of clear guidance on safety procedures during my visit was unsettling. Patient safety should be a top priority.""",Patient Safety
"""While general safety measures are observed, I feel there's room for improvement, especially in emergency preparedness.""",Patient Safety
"""The attention to detail in patient safety protocols, from check-in to discharge, was remarkable. I felt well cared for.""",Patient Safety
"""Neglect in post-operative care raised concerns about the overall patient safety standards in the clinic.""",Patient Safety
"""Safety practices are adhered to, though the staff seemed overburdened, which could lead to oversights.""",Patient Safety
"""The proactive measures in patient safety, particularly in infection control, reassured me during my stay.""",Patient Safety
"""The extended hours GP service at Violet Melchett is a lifesaver for working professionals. Being able to see a doctor over the weekend is incredibly convenient.""",Weekend Service Availability
"""Despite the clinic's claims, the weekend availability of the extended hours nurse at Violet Melchett was disappointing. I expected more flexibility.""",Weekend Service Availability
"""Weekend services at Violet Melchett are adequate, but it can be challenging to get an appointment with the extended hours GP during peak times.""",Weekend Service Availability
"""I was impressed by the dedicated weekend staff at Violet Melchett. The extended hours nurse provided exceptional care during my visit.""",Weekend Service Availability
"""The lack of available weekend appointments with the extended hours GP at Violet Melchett means you need to book way in advance, which isn't always feasible.""",Weekend Service Availability
"""Violet Melchett's weekend service is a great concept, but the execution needs work. Sometimes the extended hours nurse is not available.""",Weekend Service Availability
"""The extended hours GP at Violet Melchett made my urgent weekend visit stress-free. It's reassuring to have reliable healthcare even on weekends.""",Weekend Service Availability
"""Frustrated by the inconsistent weekend service at Violet Melchett. The extended hours nurse was unavailable last time I needed help.""",Weekend Service Availability
"""Violet Melchett's weekend service availability is a mixed bag. It's great when you can get an appointment with the extended hours GP, but that's not always the case.""",Weekend Service Availability
"""The weekend service at Violet Melchett, especially the extended hours nurse, has been a game-changer for my family's healthcare needs.""",Weekend Service Availability
"""The ease of scheduling a telephone appointment and the quality of the telephone consultation exceeded my expectations. Professional and efficient.""",Telephone Service
"""Setting up a telephone appointment was a hassle, and the telephone consultation felt rushed and impersonal. Improvement is needed.""",Telephone Service
"""Telephone service is convenient for minor issues, but the quality of telephone consultations varies significantly between staff members.""",Telephone Service
"""Impressed by the thoroughness of the telephone consultation. The doctor took the time to understand my concerns and provide clear advice.""",Telephone Service
"""The telephone appointment system is often busy, and I've experienced dropped calls mid-consultation. This can be quite frustrating.""",Telephone Service
"""Telephone service is a decent option for quick advice. However, it lacks the depth of face-to-face appointments.""",Telephone Service
"""The telephone consultation was incredibly helpful. The doctor was attentive and offered practical solutions that were easy to understand.""",Telephone Service
"""My telephone appointment was delayed without notice, and the subsequent telephone consultation felt hurried. Not the best experience.""",Telephone Service
"""While the telephone service is generally reliable, the quality and attention during telephone consultations could be more consistent.""",Telephone Service
"""The convenience of the telephone appointment and the attentiveness during the telephone consultation made managing my health much easier.""",Telephone Service
"""My experience at the clinic was beyond expectations. Every aspect, from staff professionalism to the quality of care, contributed to my high level of satisfaction.""",Overall Patient Satisfaction
"""Despite the competent staff, the overall experience was tarnished by long wait times and a lack of clear communication.""",Overall Patient Satisfaction
"""While the care I received was adequate, there's a lot of room for improvement in terms of facilities and appointment availability.""",Overall Patient Satisfaction
"""I've never felt so valued as a patient. The personalized care and attention to detail in every service left me thoroughly satisfied.""",Overall Patient Satisfaction
"""Disappointed with the overall experience. I expected a more patient-centered approach and less bureaucracy.""",Overall Patient Satisfaction
"""The clinic offers a decent healthcare service, though it doesn't particularly stand out from others I've visited.""",Overall Patient Satisfaction
"""From the moment I walked in until my final follow-up, the clinic's commitment to patient satisfaction was clear. A truly exceptional experience.""",Overall Patient Satisfaction
"""The lack of follow-up and indifference to my concerns made me question the clinic's commitment to patient satisfaction.""",Overall Patient Satisfaction
"""The clinic provides satisfactory healthcare services, but the patient experience could be more streamlined and personal.""",Overall Patient Satisfaction
"""The clinic exceeded all my expectations, setting a new standard for what I consider exceptional patient care.""",Overall Patient Satisfaction
"""The efficiency in delivering blood test results and the state-of-the-art imaging services, including MRI and CT scans, are highly commendable.""",Blood Test Results & Imaging
"""Despite having a modern facility for CT scans and MRIs, the wait time for imaging results was longer than expected, causing unnecessary anxiety.""",Blood Test Results & Imaging
"""The imaging services, including X-ray and CXR, are adequate, but the clarity and explanation of results could be improved.""",Blood Test Results & Imaging
"""Impressed by the swift phlebotomy service and the timely, detailed communication of my blood test results.""",Blood Test Results & Imaging
"""The MRI procedure was well-handled, but the follow-up for results was disorganized and required multiple calls to the clinic.""",Blood Test Results & Imaging
"""Phlebotomy services are efficient, though the waiting area for blood tests and imaging can get quite crowded.""",Blood Test Results & Imaging
"""The professional demeanor of the staff during my CT scan and the comprehensive explanation of the blood test results made my experience noteworthy.""",Blood Test Results & Imaging
"""I was disappointed with the delay in X-ray and CXR results. The process needs to be more streamlined for better patient experience.""",Blood Test Results & Imaging
"""While the MRI and CT scan facilities are top-notch, the scheduling and timeliness of getting results to patients need attention.""",Blood Test Results & Imaging
"""From phlebotomy to advanced imaging like MRI and CT scans, the clinic's dedication to using state-of-the-art technology is evident and reassuring.""",Blood Test Results & Imaging
"""The efficiency in delivering blood test results and the state-of-the-art imaging services, including MRI and CT scans, are highly commendable.""",Blood Test Results & Imaging
"""Despite having a modern facility for CT scans and MRIs, the wait time for imaging results was longer than expected, causing unnecessary anxiety.""",Blood Test Results & Imaging
"""The imaging services, including X-ray and CXR, are adequate, but the clarity and explanation of results could be improved.""",Blood Test Results & Imaging
"""Impressed by the swift phlebotomy service and the timely, detailed communication of my blood test results.""",Blood Test Results & Imaging
"""The MRI procedure was well-handled, but the follow-up for results was disorganized and required multiple calls to the clinic.""",Blood Test Results & Imaging
"""Phlebotomy services are efficient, though the waiting area for blood tests and imaging can get quite crowded.""",Blood Test Results & Imaging
"""The professional demeanor of the staff during my CT scan and the comprehensive explanation of the blood test results made my experience noteworthy.""",Blood Test Results & Imaging
"""I was disappointed with the delay in X-ray and CXR results. The process needs to be more streamlined for better patient experience.""",Blood Test Results & Imaging
"""While the MRI and CT scan facilities are top-notch, the scheduling and timeliness of getting results to patients need attention.""",Blood Test Results & Imaging
"""From phlebotomy to advanced imaging like MRI and CT scans, the clinic's dedication to using state-of-the-art technology is evident and reassuring.""",Blood Test Results & Imaging
"""Being part of the PPG has been empowering. It's a proactive platform where our feedback is truly valued and leads to tangible improvements.""",Patient Participation Group
"""I was excited to join the PPG but found it disorganized and lacking in real influence over clinic decisions.""",Patient Participation Group
"""The PPG is a good initiative, but it needs more active members and support from the clinic to be truly effective.""",Patient Participation Group
"""The PPG meetings are well-organized, fostering a collaborative environment where patient voices are heard and respected.""",Patient Participation Group
"""I feel the PPG is just for show and doesn't result in any significant changes in the clinic's operations or policies.""",Patient Participation Group
"""PPG efforts are noticeable, but there seems to be a gap between patient suggestions and actual implementation.""",Patient Participation Group
"""The clinic's PPG played a crucial role in improving patient care services, thanks to dedicated members and responsive management.""",Patient Participation Group
"""Disappointed by the lack of follow-up on issues raised during PPG meetings. It feels like our input is not taken seriously.""",Patient Participation Group
"""The PPG has potential, but it needs more engagement from both patients and clinic staff to make a real difference.""",Patient Participation Group
"""Joining the PPG has been a rewarding experience, giving me a platform to contribute positively to the clinic's community.""",Patient Participation Group
"""The doctor consultations are always thorough and personalized. I feel listened to and my concerns are addressed comprehensively.""",Doctor Consultations
"""I felt rushed during my consultation. The doctor seemed more interested in finishing quickly than in my actual health concerns.""",Doctor Consultations
"""Doctor consultations are generally informative, though they can sometimes feel impersonal and hurried.""",Doctor Consultations
"""Impressed by the doctor's depth of knowledge and ability to explain complex issues in an understandable manner.""",Doctor Consultations
"""The lack of continuity in doctor consultations is frustrating. Seeing a different doctor each time makes it hard to feel at ease.""",Doctor Consultations
"""Consultations with the doctor are adequate but could benefit from more proactive communication and follow-up.""",Doctor Consultations
"""Each doctor consultation leaves me feeling confident in my treatment plan and cared for as an individual.""",Doctor Consultations
"""The consultations feel formulaic and rushed, lacking the warmth and attention needed during a doctor's visit.""",Doctor Consultations
"""Doctor consultations are efficient and to the point, but they lack the personal touch that makes you feel truly cared for.""",Doctor Consultations
"""The doctor's attentiveness and detailed consultations make it clear that patient care is the top priority here.""",Doctor Consultations
"""The compassion and care shown during home visits are outstanding. The medical staff make every effort to ensure comfort and thorough treatment at home.""",Home Visits
"""I was disappointed with the home visit service. The appointment was delayed and the visit felt rushed, with little time for my questions.""",Home Visits
"""Home visits are a convenient service, though the availability of medical staff for these visits seems quite limited.""",Home Visits
"""The professionalism and attentiveness during home visits have greatly aided my recovery. It's healthcare at its best.""",Home Visits
"""The lack of punctuality and preparedness during home visits was concerning. It's not the level of service I expected.""",Home Visits
"""While the concept of home visits is excellent, the execution needs improvement, especially in communication and timing.""",Home Visits
"""Home visits by the clinic's staff have been a blessing. Their thorough care and warm approach make all the difference.""",Home Visits
"""I felt the home visit was incomplete. The staff seemed in a hurry and didn't have all the necessary equipment.""",Home Visits
"""The home visit service is convenient, but the experience varies greatly depending on the medical staff assigned to the visit.""",Home Visits
"""The dedication shown by the medical team during home visits is commendable. They go above and beyond to ensure patient comfort and proper care.""",Home Visits
"""The clinic's approach to Breast Screening is thorough and respectful. The staff provided clear information, making the process less daunting.""",Cancer Screening
"""I had a disappointing experience with Colon Screening. The appointment was delayed, and the procedure felt rushed and impersonal.""",Cancer Screening
"""Cervical Screening services are adequate, but the wait times for results can be anxiety-inducing. More timely communication would be appreciated.""",Cancer Screening
"""Impressed by the professionalism during my Breast Screening. The staff were supportive and ensured my comfort throughout the procedure.""",Cancer Screening
"""The lack of clear communication during my Colon Screening was concerning. I left with more questions than answers.""",Cancer Screening
"""Cervical Screening at the clinic is efficiently handled, though the ambiance and privacy during the procedure could be improved.""",Cancer Screening
"""Breast Screening at this clinic is exemplary. From the advanced equipment to the compassionate care, every aspect instills confidence.""",Cancer Screening
"""My Colon Screening experience was marred by administrative errors and a lack of coordination among the staff.""",Cancer Screening
"""The clinic offers a standard Cancer Screening service. The process works well, but a more personal touch would make a big difference.""",Cancer Screening
"""The dedication and sensitivity shown by the staff during my Cervical Screening made a usually uncomfortable process much more bearable.""",Cancer Screening
"""The clinic excels in administering vaccinations. My children's MMR and childhood vaccinations were handled gently and professionally.""",Vaccinations
"""I was disappointed with the organization during the Flu vaccination drive. Long wait times and disorganized queues made the process stressful.""",Vaccinations
"""Getting the Shingles vaccine was straightforward, but the information provided beforehand could have been more comprehensive.""",Vaccinations
"""Impressed by the clinic's efficient handling of COVID-19 vaccinations. The staff ensured a smooth and safe experience for everyone.""",Vaccinations
"""The delay in receiving my Influenza vaccine due to stock issues was frustrating. Better inventory management is needed.""",Vaccinations
"""Childhood vaccinations are administered timely, but the waiting area for children could be more engaging and child-friendly.""",Vaccinations
"""The staff's expertise in administering the Shingles vaccine and addressing my concerns was commendable. A truly professional service.""",Vaccinations
"""My experience with the MMR vaccine was marred by a lack of clear aftercare instructions. Communication needs improvement.""",Vaccinations
"""The Flu and COVID-19 vaccination process is efficient, though personal interaction and care during the process seem minimal.""",Vaccinations
"""The clinic's proactive approach to Influenza and childhood vaccinations, ensuring all patients are reminded and scheduled, is impressive.""",Vaccinations
"""The clinic's timely and clear communication of test results is commendable. I always feel well-informed about my health status.""",Test Results
"""Receiving my test results was a hassle. Multiple follow-up calls were needed, and the information was still delayed.""",Test Results
"""While I eventually received my test results, the process was more complicated and less timely than I would have liked.""",Test Results
"""Impressed with how the clinic handles test results. They provide detailed explanations and are always ready to answer questions.""",Test Results
"""The lack of clarity and delay in communicating test results caused unnecessary anxiety and frustration.""",Test Results
"""Test results are provided accurately, but the personal touch and promptness of delivery could be improved.""",Test Results
"""Receiving my test results was a smooth process. The staff ensured confidentiality and provided insightful guidance on the next steps.""",Test Results
"""I was disappointed with the disorganized manner in which my test results were handled. There's much room for improvement.""",Test Results
"""The process of getting test results is straightforward, though the waiting time can vary significantly.""",Test Results
"""The clinic excels in delivering test results promptly and ensuring that all questions and concerns are thoroughly addressed.""",Test Results